{
  "E6": {
    "H_X": 2.0794415416798357,
    "structures": {
      "a_disjoint": {
        "G": {
          "()": 0.0,
          "(0,)": 0.6931471805599451,
          "(1,)": 0.6931471805599451,
          "(2,)": 0.6931471805599451,
          "(0, 1)": 1.3862943611198901,
          "(0, 2)": 1.3862943611198901,
          "(1, 2)": 1.3862943611198901,
          "(0, 1, 2)": 2.079441541679835
        },
        "I": {
          "()": 0.0,
          "(0,)": 0.6931471805599453,
          "(1,)": 0.6931471805599453,
          "(2,)": 0.6931471805599453,
          "(0, 1)": 1.3862943611198906,
          "(0, 2)": 1.3862943611198906,
          "(1, 2)": 1.3862943611198906,
          "(0, 1, 2)": 2.0794415416798357
        }
      },
      "b_overlap": {
        "G": {
          "()": 0.0,
          "(0,)": 1.3862943611198901,
          "(1,)": 1.3862943611198901,
          "(2,)": 1.3862943611198901,
          "(0, 1)": 2.079441541679835,
          "(0, 2)": 2.079441541679835,
          "(1, 2)": 2.079441541679835,
          "(0, 1, 2)": 2.079441541679835
        },
        "I": {
          "()": 0.0,
          "(0,)": 1.3862943611198906,
          "(1,)": 1.3862943611198906,
          "(2,)": 1.3862943611198906,
          "(0, 1)": 2.0794415416798357,
          "(0, 2)": 2.0794415416798357,
          "(1, 2)": 2.0794415416798357,
          "(0, 1, 2)": 2.0794415416798357
        }
      },
      "c_clones": {
        "G": {
          "()": 0.0,
          "(0,)": 0.6931471805599451,
          "(1,)": 0.6931471805599451,
          "(2,)": 0.6931471805599451,
          "(0, 1)": 0.6931471805599451,
          "(0, 2)": 1.3862943611198901,
          "(1, 2)": 1.3862943611198901,
          "(0, 1, 2)": 1.3862943611198901
        },
        "I": {
          "()": 0.0,
          "(0,)": 0.6931471805599453,
          "(1,)": 0.6931471805599453,
          "(2,)": 0.6931471805599453,
          "(0, 1)": 0.6931471805599453,
          "(0, 2)": 1.3862943611198906,
          "(1, 2)": 1.3862943611198906,
          "(0, 1, 2)": 1.3862943611198906
        }
      },
      "d_noisy": {
        "G": {
          "()": 0.0,
          "(0,)": 0.36886619413922483,
          "(1,)": 0.36711940060024245,
          "(2,)": 0.3671853173375626,
          "(0, 1)": 0.7335027309670774,
          "(0, 2)": 0.7370951931510221,
          "(1, 2)": 0.7345683848870854,
          "(0, 1, 2)": 1.1035773986238373
        },
        "I": {
          "()": 0.0,
          "(0,)": 0.3680642071684971,
          "(1,)": 0.3680642071684971,
          "(2,)": 0.3680642071684971,
          "(0, 1)": 0.7361284143369944,
          "(0, 2)": 0.7361284143369942,
          "(1, 2)": 0.7361284143369942,
          "(0, 1, 2)": 1.1041926215054914
        }
      },
      "e_xor": {
        "G": {
          "()": 0.0,
          "(0,)": 0.0,
          "(1,)": 0.0,
          "(0, 1)": 0.6931471805599451
        },
        "I": {
          "()": 0.0,
          "(0,)": 0.0,
          "(1,)": 0.0,
          "(0, 1)": 0.6931471805599453
        },
        "supermodular_gap": 0.6931471805599451
      }
    },
    "erratum_counterexample": {
      "sum_private": 1.3862943611198901,
      "I_joint": 0.6931471805599453
    }
  },
  "E7": {
    "I": [
      0.4946319372140727,
      0.2704380927539544,
      0.08228287850505178,
      0.00500836684635686
    ],
    "G_mean": [
      0.19291241410286256,
      -0.03045671977551916,
      -0.2202022831548704,
      -0.29744727362231926
    ],
    "G_reps": [
      [
        0.1951883511561707,
        -0.027650889617463374,
        -0.2237027858735121,
        -0.29758387640241357
      ],
      [
        0.1958422491148419,
        -0.030721862850167436,
        -0.22201859265604706,
        -0.29746406700064487
      ],
      [
        0.19250553001196152,
        -0.032809830949236,
        -0.2200261040248222,
        -0.2965384918167948
      ],
      [
        0.19076548707241148,
        -0.029398547035782693,
        -0.21865020119136622,
        -0.2974984677754098
      ],
      [
        0.1943835621071128,
        -0.031763230778888825,
        -0.2198033519491175,
        -0.2975528004467331
      ],
      [
        0.19108215760299296,
        -0.028280315505012185,
        -0.21981545777517483,
        -0.2980922240510705
      ],
      [
        0.19369134191473794,
        -0.031305516652783236,
        -0.22064000328267364,
        -0.2975421403177874
      ],
      [
        0.19365181262457154,
        -0.0330760024836272,
        -0.21868753845964253,
        -0.2971435893406903
      ],
      [
        0.19044452918885624,
        -0.028231542535806422,
        -0.22163735652736408,
        -0.29685694779922733
      ],
      [
        0.19156912023496844,
        -0.03132945934642422,
        -0.21704143980898377,
        -0.29820013127242057
      ]
    ],
    "aggregate": {
      "coupled": -0.08879846561246156,
      "se": 7.244665732540197e-05,
      "uncoupled_sum": 0.856470568231097,
      "I_sum": 0.8523612753194357
    },
    "clone": {
      "equality": 0.0,
      "drop": 0.060624883389056416,
      "drop_se": 7.703147774987898e-05
    },
    "evolve": {
      "final_shares_mean": [
        1.0,
        0.0,
        0.0,
        0.0
      ],
      "order_hits": 10
    }
  },
  "E8": {
    "mu": 0.1,
    "c_values": [
      -0.8,
      -0.4,
      0.0,
      0.4,
      0.8
    ],
    "t_grid": [
      0.0,
      0.05,
      0.1,
      0.15000000000000002,
      0.2,
      0.25,
      0.30000000000000004,
      0.35000000000000003,
      0.4,
      0.45,
      0.5,
      0.55,
      0.6000000000000001,
      0.65,
      0.7000000000000001,
      0.75,
      0.8,
      0.8500000000000001,
      0.9,
      0.9500000000000001,
      1.0
    ],
    "frontier": {
      "-0.8": {
        "G_a": [
          -0.08011466162912825,
          -0.0711017621958513,
          -0.0620888627625744,
          -0.05307596332929747,
          -0.04406306389602054,
          -0.035050164462743616,
          -0.026037265029466673,
          -0.017024365596189736,
          -0.00801146616291282,
          0.0010014332703640987,
          0.010014332703641028,
          0.019027232136917965,
          0.028040131570194898,
          0.03705303100347181,
          0.046065930436748746,
          0.05507882987002567,
          0.0640917293033026,
          0.07310462873657954,
          0.08211752816985647,
          0.09113042760313339,
          0.1001433270364103
        ],
        "G_b": [
          0.09995614669451916,
          0.09096009349201242,
          0.08196404028950571,
          0.07296798708699899,
          0.06397193388449225,
          0.05497588068198554,
          0.04597982747947881,
          0.03698377427697208,
          0.027987721074465358,
          0.018991667871958644,
          0.009995614669451914,
          0.0009995614669451812,
          -0.007996491735561552,
          -0.01699254493806826,
          -0.025988598140574994,
          -0.034984651343081714,
          -0.04398070454558845,
          -0.05297675774809519,
          -0.061972810950601885,
          -0.07096886415310863,
          -0.07996491735561534
        ]
      },
      "-0.4": {
        "G_a": [
          -0.04005733081456413,
          -0.033047297922015405,
          -0.02603726502946668,
          -0.01902723213691796,
          -0.01201719924436924,
          -0.005007166351820519,
          0.002002866540728214,
          0.009012899433276935,
          0.01602293232582565,
          0.023032965218374366,
          0.03004299811092309,
          0.03705303100347181,
          0.04406306389602054,
          0.05107309678856926,
          0.058083129681117986,
          0.0650931625736667,
          0.07210319546621544,
          0.07911322835876415,
          0.08612326125131287,
          0.09313329414386161,
          0.1001433270364103
        ],