{
  "model": "qwen2.5:1.5b-instruct",
  "sweep": {
    "0.2": {
      "m": 0.938276006263629,
      "chi": 0.000868759436995293,
      "parse": 1.0
    },
    "1.0": {
      "m": 0.8906207033637401,
      "chi": 0.040688282183945226,
      "parse": 1.0
    },
    "1.4": {
      "m": 0.7832355560760582,
      "chi": 0.10196886301892807,
      "parse": 1.0
    },
    "2.0": {
      "m": 0.7291176522464118,
      "chi": 0.1117455035308535,
      "parse": 1.0
    },
    "2.8": {
      "m": 0.7757004760008124,
      "chi": 0.06398926134966061,
      "parse": 1.0
    },
    "3.5": {
      "m": 0.7333806203381303,
      "chi": 0.07460763961726093,
      "parse": 1.0
    },
    "4.5": {
      "m": 0.6948578069314488,
      "chi": 0.04522745862586662,
      "parse": 1.0
    }
  },
  "temps": [
    0.2,
    1.0,
    1.4,
    2.0,
    2.8,
    3.5,
    4.5
  ]
}