{
  "1.4": {
    "m": 0.46644144314193564,
    "chi": 0.29492773248462606,
    "parse": 1.0
  },
  "2.0": {
    "m": 0.4993637670010894,
    "chi": 0.2927319559377639,
    "parse": 1.0
  },
  "2.8": {
    "m": 0.41588306283109205,
    "chi": 0.17763626505974262,
    "parse": 1.0
  },
  "3.5": {
    "m": 0.4197983580150132,
    "chi": 0.17837037339350703,
    "parse": 1.0
  }
}