{
  "ctrl_probe": {
    "0.2": {
      "m": 0.5059647828010112,
      "chi": 0.13768995148877533,
      "parse": 1.0
    }
  },
  "free": {
    "0.2": {
      "m": 0.1771909839557118,
      "chi": 0.08844145277740015,
      "parse": 1.0
    },
    "0.6": {
      "m": 0.3826298953009589,
      "chi": 0.13460244051359235,
      "parse": 1.0
    },
    "1.0": {
      "m": 0.3894312935116913,
      "chi": 0.09781356530867105,
      "parse": 1.0
    },
    "1.4": {
      "m": 0.2685950252418052,
      "chi": 0.08347957012168075,
      "parse": 1.0
    },
    "2.0": {
      "m": 0.27983472194644476,
      "chi": 0.1883196682317419,
      "parse": 1.0
    },
    "2.8": {
      "m": 0.37672848586187946,
      "chi": 0.19778168506096147,
      "parse": 1.0
    }
  },
  "quench": {
    "0.2": {
      "m": 0.32521466006473077,
      "chi": 0.0627774003435227,
      "parse": 1.0
    }
  },
  "checks": {
    "C1 order->disorder transition": false,
    "C2 susceptibility peak (interior)": false,
    "M motility gating": false,
    "C3 control = mass (MOOT \u2014 no ordered phase)": false
  }
}