{
  "flocking": {
    "free": {
      "0.2": {
        "m": 0.938276006263629,
        "chi": 0.000868759436995293,
        "parse": 1.0
      },
      "0.6": {
        "m": 0.9088278101657262,
        "chi": 0.02101211465307202,
        "parse": 1.0
      },
      "1.0": {
        "m": 0.8906207033637401,
        "chi": 0.040688282183945226,
        "parse": 1.0
      },
      "1.4": {
        "m": 0.7832355560760582,
        "chi": 0.10196886301892807,
        "parse": 1.0
      }
    },
    "ctrl": {
      "0.2": {
        "m": 0.9491780647206582,
        "chi": 0.04136958458156201,
        "parse": 1.0
      },
      "0.6": {
        "m": 0.6068392490359598,
        "chi": 0.030981593909803325,
        "parse": 1.0
      },
      "1.0": {
        "m": 0.7056875327982955,
        "chi": 0.24804707663136896,
        "parse": 1.0
      },
      "1.4": {
        "m": 0.7425327401117341,
        "chi": 0.04990474207255319,
        "parse": 1.0
      }
    },
    "quench": {
      "0.2": {
        "m": 0.9028232964005983,
        "chi": 0.004638480919372599,
        "parse": 1.0
      }
    },
    "checks": {
      "C1 order->disorder transition": false,
      "C2 susceptibility peak (interior)": false,
      "C3 control = mass (rounds the transition)": false,
      "M motility gating (Mermin-Wagner direction)": false
    }
  }
}