{
  "model": "1.5b",
  "symbol_random": true,
  "k0": 3,
  "res": {
    "3": {
      "edge": [
        0.0,
        1.0,
        1.0,
        2.0,
        2.0,
        2.0,
        2.0,
        2.0,
        2.0,
        2.0,
        2.0,
        2.0,
        2.0,
        2.0,
        2.0,
        2.0
      ],
      "locus": [
        0.0,
        0.0,
        0.0,
        0.6,
        0.6,
        0.7,
        0.7,
        0.7,
        0.7,
        0.7,
        0.7,
        0.7,
        0.7,
        0.6,
        0.6,
        0.6,
        0.6,
        0.6
      ],
      "farfield": [
        0.12962962962962962,
        0.12962962962962962,
        0.12962962962962962,
        0.1111111111111111,
        0.12962962962962962,
        0.1111111111111111,
        0.1111111111111111,
        0.1111111111111111,
        0.14814814814814814,
        0.14814814814814814,
        0.14814814814814814,
        0.14814814814814814,
        0.14814814814814814,
        0.16666666666666666,
        0.16666666666666666,
        0.18518518518518517,
        0.18518518518518517,
        0.18518518518518517
      ],
      "edge_max": 2.0
    },
    "0": {
      "edge": [
        0.0,
        1.0,
        2.0,
        2.0,
        1.0,
        1.0,
        1.0,
        2.0,
        2.0,
        1.0,
        2.0,
        2.0,
        2.0,
        2.0,
        2.0,
        2.0
      ],
      "locus": [
        0.2,
        0.1,
        0.4,
        0.6,
        0.7,
        0.7,
        0.6,
        0.6,
        0.6,
        0.7,
        0.7,
        0.7,
        0.7,
        0.7,
        0.7,
        0.7,
        0.7,
        0.7
      ],
      "farfield": [
        0.2037037037037037,
        0.14814814814814814,
        0.2037037037037037,
        0.18518518518518517,
        0.2037037037037037,
        0.14814814814814814,
        0.18518518518518517,
        0.16666666666666666,
        0.18518518518518517,
        0.16666666666666666,
        0.2037037037037037,
        0.16666666666666666,
        0.18518518518518517,
        0.16666666666666666,
        0.16666666666666666,
        0.14814814814814814,
        0.14814814814814814,
        0.14814814814814814
      ],
      "edge_max": 2.0
    }
  }
}