{
 "tier_A": "frontier",
 "model_A": "claude-opus-4-8",
 "A": {
  "G_coalition": {
   "a_disjoint|(0,)": 0.6931471805559453,
   "a_disjoint|(1,)": 0.6931471805559453,
   "a_disjoint|(2,)": 0.6931471805559453,
   "a_disjoint|(0, 1)": 1.3862943611138905,
   "a_disjoint|(0, 2)": 1.3862943611138905,
   "a_disjoint|(1, 2)": 1.3862943611138905,
   "a_disjoint|(0, 1, 2)": 2.079441541672836,
   "b_overlap|(0,)": 1.3466141721014386,
   "b_overlap|(1,)": 1.3862943611138905,
   "b_overlap|(2,)": 1.3862943611138905,
   "b_overlap|(0, 1)": 2.079441541672836,
   "b_overlap|(0, 2)": 2.079441541672836,
   "b_overlap|(1, 2)": 2.079441541672836,
   "b_overlap|(0, 1, 2)": 1.7688282104494608,
   "c_clones|(0,)": 0.6931471805559453,
   "c_clones|(1,)": 0.6931471805559453,
   "c_clones|(2,)": 0.6931471805559453,
   "c_clones|(0, 1)": 0.6931471805559453,
   "c_clones|(0, 2)": 1.3862943611138905,
   "c_clones|(1, 2)": 1.3670255261357331,
   "c_clones|(0, 1, 2)": 1.3862943611138905,
   "d_noisy|(0,)": 0.3680642071684969,
   "d_noisy|(1,)": 0.36806420716849697,
   "d_noisy|(2,)": 0.3680642071684971,
   "d_noisy|(0, 1)": 0.6818462187139858,
   "d_noisy|(0, 2)": 0.6336408791583625,
   "d_noisy|(1, 2)": 0.6810756535481602,
   "d_noisy|(0, 1, 2)": 0.638262589823015,
   "e_xor|(0,)": 0.0,
   "e_xor|(1,)": 0.0,
   "e_xor|(0, 1)": 0.62122666244625
  },
  "G_product": {
   "a_disjoint|(0,)": 0.6931471805559453,
   "a_disjoint|(1,)": 0.6931471805559453,
   "a_disjoint|(2,)": 0.6931471805559453,
   "a_disjoint|(0, 1)": 1.3862943611118905,
   "a_disjoint|(0, 2)": 1.3862943611118905,
   "a_disjoint|(1, 2)": 1.3862943611118905,
   "a_disjoint|(0, 1, 2)": 2.0794415416678365,
   "b_overlap|(0,)": 1.3466141721014384,
   "b_overlap|(1,)": 1.3862943611138905,
   "b_overlap|(2,)": 1.3862943611138905,
   "b_overlap|(0, 1)": 2.079441541675547,
   "b_overlap|(0, 2)": 2.0453331683427387,
   "b_overlap|(1, 2)": 2.079441541675836,
   "b_overlap|(0, 1, 2)": 2.0794415416797576,
   "c_clones|(0,)": 0.6931471805559453,
   "c_clones|(1,)": 0.6931471805559453,
   "c_clones|(2,)": 0.6931471805559453,
   "c_clones|(0, 1)": 0.6931471805599453,
   "c_clones|(0, 2)": 1.3862943611118905,
   "c_clones|(1, 2)": 1.3862943611118905,
   "c_clones|(0, 1, 2)": 1.3862943611158907,
   "d_noisy|(0,)": 0.36806420716849675,
   "d_noisy|(1,)": 0.36806420716849675,
   "d_noisy|(2,)": 0.36806420716849697,
   "d_noisy|(0, 1)": 0.7361284143369939,
   "d_noisy|(0, 2)": 0.7361284143369939,
   "d_noisy|(1, 2)": 0.736128414336994,
   "d_noisy|(0, 1, 2)": 1.1041926215054918,
   "e_xor|(0,)": 0.0,
   "e_xor|(1,)": 0.0,
   "e_xor|(0, 1)": 0.0
  },
  "I_exact": {
   "a_disjoint|(0,)": 0.6931471805599453,
   "a_disjoint|(1,)": 0.6931471805599453,
   "a_disjoint|(2,)": 0.6931471805599453,
   "a_disjoint|(0, 1)": 1.3862943611198906,
   "a_disjoint|(0, 2)": 1.3862943611198906,
   "a_disjoint|(1, 2)": 1.3862943611198906,
   "a_disjoint|(0, 1, 2)": 2.0794415416798357,
   "b_overlap|(0,)": 1.3862943611198906,
   "b_overlap|(1,)": 1.3862943611198906,
   "b_overlap|(2,)": 1.3862943611198906,
   "b_overlap|(0, 1)": 2.0794415416798357,
   "b_overlap|(0, 2)": 2.0794415416798357,
   "b_overlap|(1, 2)": 2.0794415416798357,
   "b_overlap|(0, 1, 2)": 2.0794415416798357,
   "c_clones|(0,)": 0.6931471805599453,
   "c_clones|(1,)": 0.6931471805599453,
   "c_clones|(2,)": 0.6931471805599453,
   "c_clones|(0, 1)": 0.6931471805599453,
   "c_clones|(0, 2)": 1.3862943611198906,
   "c_clones|(1, 2)": 1.3862943611198906,
   "c_clones|(0, 1, 2)": 1.3862943611198906,
   "d_noisy|(0,)": 0.3680642071684974,
   "d_noisy|(1,)": 0.3680642071684975,
   "d_noisy|(2,)": 0.36806420716849747,
   "d_noisy|(0, 1)": 0.736128414336994,
   "d_noisy|(0, 2)": 0.7361284143369943,
   "d_noisy|(1, 2)": 0.736128414336994,
   "d_noisy|(0, 1, 2)": 1.1041926215054914,
   "e_xor|(0,)": 0.0,
   "e_xor|(1,)": 0.0,
   "e_xor|(0, 1)": 0.6931471805599453
  },
  "Ihat": {
   "a_disjoint|0": 0.6931471804509665,
   "a_disjoint|1": 0.6931471804509665,
   "a_disjoint|2": 0.6931471804509665,
   "b_overlap|0": 1.3009493252887583,
   "b_overlap|1": 1.3862943609522638,
   "b_overlap|2": 1.3862943609522638,
   "c_clones|0": 0.6931471804509665,
   "c_clones|1": 0.6931471804509665,
   "c_clones|2": 0.6931471804509665,
   "d_noisy|0": 0.368064207168497,
   "d_noisy|1": 0.368064207168497,
   "d_noisy|2": 0.368064207168497,
   "e_xor|0": 0.0,
   "e_xor|1": 0.0
  },
  "elic_gate_fail": [],
  "protocol_capped_structures": [],
  "P1_worst_gap": 0.04566484665105364,
  "P2_worst_margin": -0.019268834978157345,
  "P2e_gap": 0.62122666244625,
  "P3_worst_over": -6.999734125656687e-12,
  "market_parse": 1.0,
  "P4": {
   "ladder_order_hits": 4,
   "clone_gaps": [
    1.0,
    0.5000000000000001,
    0.0,
    0.0,
    NaN
   ],
   "market_parse": 1.0
  },
  "secondary_product_fusion": {
   "max_dev_ad": 0.4659300316824768,
   "e_pair_product_G": 0.0,
   "note": "diagnostic only (A2.1): expected small dev on (a)-(d), ~0 on (e)"
  }
 },
 "B": {
  "grid": [
   {
    "gamma": 2.0,
    "g": 0.25,
    "n": 8,
    "residual_mean": 10.216145833333332,
    "residual_std": 4.744498922676845,
    "V_mean": 0.45861979166666667,
    "k_bar": 10.216145833333332,
    "above": 0.3723958333333333,
    "parse_min": 1.0,
    "predicted": 0.05732747395833333,
    "ratio": 178.2068025665777,
    "non_responsive": false,
    "in_regime": false,
    "regime_fails": [
     "V collapsed",
     "k\u0304 at peak",
     "above-peak>0.2"
    ]
   },
   {
    "gamma": 2.0,
    "g": 0.7,
    "n": 8,
    "residual_mean": 11.944270833333334,
    "residual_std": 1.5070369618114459,
    "V_mean": 0.5551822916666668,
    "k_bar": 11.944270833333334,
    "above": 0.24583333333333335,
    "parse_min": 1.0,
    "predicted": 0.19431380208333335,
    "ratio": 61.4689780410499,
    "non_responsive": false,
    "in_regime": false,
    "regime_fails": [
     "V collapsed",
     "k\u0304 at peak",
     "above-peak>0.2"
    ]
   },
   {
    "gamma": 2.0,
    "g": 2.0,
    "n": 8,
    "residual_mean": 12.044270833333332,
    "residual_std": 1.5891652269514283,
    "V_mean": 0.7013281250000001,
    "k_bar": 12.044270833333332,
    "above": 0.3703125,
    "parse_min": 1.0,
    "predicted": 0.7013281250000001,
    "ratio": 17.173517507704872,
    "non_responsive": false,
    "in_regime": false,
    "regime_fails": [
     "V collapsed",
     "k\u0304 at peak",
     "above-peak>0.2"
    ]
   },
   {
    "gamma": 6.0,
    "g": 0.25,
    "n": 8,
    "residual_mean": 0.0,
    "residual_std": 0.0,
    "V_mean": 0.0,
    "k_bar": 0.0,
    "above": 0.0,
    "parse_min": 1.0,
    "predicted": 0.0,
    "ratio": NaN,
    "non_responsive": false,
    "in_regime": false,
    "regime_fails": [
     "V collapsed",
     "residual\u22640"
    ]
   },
   {
    "gamma": 6.0,
    "g": 0.7,
    "n": 8,
    "residual_mean": 10.5890625,
    "residual_std": 4.454112341810905,
    "V_mean": 0.9629947916666667,
    "k_bar": 10.5890625,
    "above": 0.37083333333333335,
    "parse_min": 1.0,
    "predicted": 0.11234939236111112,
    "ratio": 94.25117730912912,
    "non_responsive": false,
    "in_regime": false,
    "regime_fails": [
     "V collapsed",
     "k\u0304 at peak",
     "above-peak>0.2"
    ]
   },
   {
    "gamma": 6.0,
    "g": 2.0,
    "n": 8,
    "residual_mean": 11.915104166666666,
    "residual_std": 1.5217356056398958,
    "V_mean": 0.7321614583333333,
    "k_bar": 11.915104166666666,
    "above": 0.24427083333333333,
    "parse_min": 1.0,
    "predicted": 0.24405381944444446,
    "ratio": 48.82162546683264,
    "non_responsive": false,
    "in_regime": false,
    "regime_fails": [
     "V collapsed",
     "k\u0304 at peak",
     "above-peak>0.2"
    ]
   },
   {
    "gamma": 18.0,
    "g": 0.25,
    "n": 8,
    "residual_mean": 0.0,
    "residual_std": 0.0,
    "V_mean": 0.0,
    "k_bar": 0.0,
    "above": 0.0,
    "parse_min": 1.0,
    "predicted": 0.0,
    "ratio": NaN,
    "non_responsive": false,
    "in_regime": false,