{
 "tier_A": "frontier",
 "model_A": "claude-opus-4-8",
 "A": {
  "G_coalition": {
   "a_disjoint|(0,)": 0.6931471805559453,
   "a_disjoint|(1,)": 0.6931471805559453,
   "a_disjoint|(2,)": 0.6931471805559453,
   "a_disjoint|(0, 1)": 1.3862943611138905,
   "a_disjoint|(0, 2)": 1.3862943611138905,
   "a_disjoint|(1, 2)": 1.3862943611138905,
   "a_disjoint|(0, 1, 2)": 2.079441541672836,
   "b_overlap|(0,)": 1.3466141721014386,
   "b_overlap|(1,)": 1.3862943611138905,
   "b_overlap|(2,)": 1.3862943611138905,
   "b_overlap|(0, 1)": 2.079441541672836,
   "b_overlap|(0, 2)": 2.079441541672836,
   "b_overlap|(1, 2)": 2.079441541672836,
   "b_overlap|(0, 1, 2)": 1.7688282104494608,
   "c_clones|(0,)": 0.6931471805559453,
   "c_clones|(1,)": 0.6931471805559453,
   "c_clones|(2,)": 0.6931471805559453,
   "c_clones|(0, 1)": 0.6931471805559453,
   "c_clones|(0, 2)": 1.3862943611138905,
   "c_clones|(1, 2)": 1.3670255261357331,
   "c_clones|(0, 1, 2)": 1.3862943611138905,
   "d_noisy|(0,)": 0.3680642071684969,
   "d_noisy|(1,)": 0.36806420716849697,
   "d_noisy|(2,)": 0.3680642071684971,
   "d_noisy|(0, 1)": 0.6818462187139858,
   "d_noisy|(0, 2)": 0.6336408791583625,
   "d_noisy|(1, 2)": 0.6810756535481602,
   "d_noisy|(0, 1, 2)": 0.638262589823015,
   "e_xor|(0,)": 0.0,
   "e_xor|(1,)": 0.0,
   "e_xor|(0, 1)": 0.62122666244625
  },
  "G_product": {
   "a_disjoint|(0,)": 0.6931471805559453,
   "a_disjoint|(1,)": 0.6931471805559453,
   "a_disjoint|(2,)": 0.6931471805559453,
   "a_disjoint|(0, 1)": 1.3862943611118905,
   "a_disjoint|(0, 2)": 1.3862943611118905,
   "a_disjoint|(1, 2)": 1.3862943611118905,
   "a_disjoint|(0, 1, 2)": 2.0794415416678365,
   "b_overlap|(0,)": 1.3466141721014384,
   "b_overlap|(1,)": 1.3862943611138905,
   "b_overlap|(2,)": 1.3862943611138905,
   "b_overlap|(0, 1)": 2.079441541675547,
   "b_overlap|(0, 2)": 2.0453331683427387,
   "b_overlap|(1, 2)": 2.079441541675836,
   "b_overlap|(0, 1, 2)": 2.0794415416797576,
   "c_clones|(0,)": 0.6931471805559453,
   "c_clones|(1,)": 0.6931471805559453,
   "c_clones|(2,)": 0.6931471805559453,
   "c_clones|(0, 1)": 0.6931471805599453,
   "c_clones|(0, 2)": 1.3862943611118905,
   "c_clones|(1, 2)": 1.3862943611118905,
   "c_clones|(0, 1, 2)": 1.3862943611158907,
   "d_noisy|(0,)": 0.36806420716849675,
   "d_noisy|(1,)": 0.36806420716849675,
   "d_noisy|(2,)": 0.36806420716849697,
   "d_noisy|(0, 1)": 0.7361284143369939,
   "d_noisy|(0, 2)": 0.7361284143369939,
   "d_noisy|(1, 2)": 0.736128414336994,
   "d_noisy|(0, 1, 2)": 1.1041926215054918,
   "e_xor|(0,)": 0.0,
   "e_xor|(1,)": 0.0,
   "e_xor|(0, 1)": 0.0
  },
  "I_exact": {
   "a_disjoint|(0,)": 0.6931471805599453,
   "a_disjoint|(1,)": 0.6931471805599453,
   "a_disjoint|(2,)": 0.6931471805599453,
   "a_disjoint|(0, 1)": 1.3862943611198906,
   "a_disjoint|(0, 2)": 1.3862943611198906,
   "a_disjoint|(1, 2)": 1.3862943611198906,
   "a_disjoint|(0, 1, 2)": 2.0794415416798357,
   "b_overlap|(0,)": 1.3862943611198906,
   "b_overlap|(1,)": 1.3862943611198906,
   "b_overlap|(2,)": 1.3862943611198906,
   "b_overlap|(0, 1)": 2.0794415416798357,
   "b_overlap|(0, 2)": 2.0794415416798357,
   "b_overlap|(1, 2)": 2.0794415416798357,
   "b_overlap|(0, 1, 2)": 2.0794415416798357,
   "c_clones|(0,)": 0.6931471805599453,
   "c_clones|(1,)": 0.6931471805599453,
   "c_clones|(2,)": 0.6931471805599453,
   "c_clones|(0, 1)": 0.6931471805599453,
   "c_clones|(0, 2)": 1.3862943611198906,
   "c_clones|(1, 2)": 1.3862943611198906,
   "c_clones|(0, 1, 2)": 1.3862943611198906,
   "d_noisy|(0,)": 0.3680642071684974,
   "d_noisy|(1,)": 0.3680642071684975,
   "d_noisy|(2,)": 0.36806420716849747,
   "d_noisy|(0, 1)": 0.736128414336994,
   "d_noisy|(0, 2)": 0.7361284143369943,
   "d_noisy|(1, 2)": 0.736128414336994,
   "d_noisy|(0, 1, 2)": 1.1041926215054914,
   "e_xor|(0,)": 0.0,
   "e_xor|(1,)": 0.0,
   "e_xor|(0, 1)": 0.6931471805599453
  },
  "Ihat": {
   "a_disjoint|0": 0.6931471804509665,
   "a_disjoint|1": 0.6931471804509665,
   "a_disjoint|2": 0.6931471804509665,
   "b_overlap|0": 1.3009493252887583,
   "b_overlap|1": 1.3862943609522638,
   "b_overlap|2": 1.3862943609522638,
   "c_clones|0": 0.6931471804509665,
   "c_clones|1": 0.6931471804509665,
   "c_clones|2": 0.6931471804509665,
   "d_noisy|0": 0.368064207168497,
   "d_noisy|1": 0.368064207168497,
   "d_noisy|2": 0.368064207168497,
   "e_xor|0": 0.0,
   "e_xor|1": 0.0
  },
  "elic_gate_fail": [],
  "protocol_capped_structures": [],
  "P1_worst_gap": 0.04566484665105364,
  "P2_worst_margin": -0.019268834978157345,
  "P2e_gap": 0.62122666244625,
  "P3_worst_over": -6.999734125656687e-12,
  "market_parse": 1.0,
  "P4": {
   "ladder_order_hits": 4,
   "clone_gaps": [
    1.0,
    0.5000000000000001,
    0.0,
    0.0,
    NaN
   ],
   "market_parse": 1.0
  },
  "secondary_product_fusion": {
   "max_dev_ad": 0.4659300316824768,
   "e_pair_product_G": 0.0,
   "note": "diagnostic only (A2.1): expected small dev on (a)-(d), ~0 on (e)"
  }
 },
 "checks": [
  {
   "name": "P1 gap law |\u0394\u011c \u2212 \u0394\u00ce| \u2264 0.05 (pairs, ['a_disjoint', 'b_overlap', 'c_clones', 'd_noisy'])",
   "pass": true,
   "detail": "worst = 0.0457 nats"
  },
  {
   "name": "P2 submodularity margins \u2265 \u22120.03 (['a_disjoint', 'b_overlap', 'c_clones', 'd_noisy'])",
   "pass": true,
   "detail": "worst margin = -0.0193"
  },
  {
   "name": "P2e XOR control supermodular gap \u2265 ln2/2",
   "pass": true,
   "detail": "gap = 0.6212 (ln2 = 0.6931)"
  },
  {
   "name": "P3 joint ceiling \u011c_S \u2264 H(X) + 0.02",
   "pass": true,
   "detail": "worst overage = -0.0000"
  },
  {
   "name": "P4a ladder wealth ordered by \u00ce (\u22654/5 seeds)",
   "pass": true,
   "detail": "4/5 seeds ordered (parse 1.00)"
  },
  {
   "name": "P4b clone terminal-wealth gap \u2264 10% (\u22654/5 seeds)",
   "pass": false,
   "detail": "gaps = [1.0, 0.5, 0.0, 0.0, nan]"
  }
 ],
 "primary_pass": false
}