{
  "etas": [
    0.05,
    0.15,
    0.25,
    0.35,
    0.45,
    0.55,
    0.65,
    0.75,
    0.85
  ],
  "free": {
    "0.05": {
      "m": 0.7345494962500805,
      "chi": 3.868992124629361
    },
    "0.15": {
      "m": 0.7257058287017008,
      "chi": 16.997294834850823
    },
    "0.25": {
      "m": 0.6833354630901856,
      "chi": 8.676473535475276
    },
    "0.35": {
      "m": 0.6107833500845434,
      "chi": 5.079031804888528
    },
    "0.45": {
      "m": 0.30783475534756116,
      "chi": 5.28637616808113
    },
    "0.55": {
      "m": 0.11017348812767405,
      "chi": 1.207199043660852
    },
    "0.65": {
      "m": 0.08247047199340103,
      "chi": 0.7103197983172398
    },
    "0.75": {
      "m": 0.05988112700970202,
      "chi": 0.3906732055726916
    },
    "0.85": {
      "m": 0.04872297084003535,
      "chi": 0.28095924446342185
    }
  },
  "ctrl": {
    "0.05": {
      "m": 0.9956544443384437,
      "chi": 6.06563458571685e-05
    },
    "0.15": {
      "m": 0.9613542493964862,
      "chi": 0.004803447118506554
    },
    "0.25": {
      "m": 0.893824364457564,
      "chi": 0.05372363693231241
    },
    "0.35": {
      "m": 0.7973342465322082,
      "chi": 0.19589383142700756
    },
    "0.45": {
      "m": 0.6838764220341965,
      "chi": 0.2768288589574397
    },
    "0.55": {
      "m": 0.5567059831082908,
      "chi": 0.34953894722227763
    },
    "0.65": {
      "m": 0.4252561413903964,
      "chi": 0.3459678179403375
    },
    "0.75": {
      "m": 0.2939909605877548,
      "chi": 0.4028141908725136
    },
    "0.85": {
      "m": 0.16975366226899066,
      "chi": 0.430999163045865
    }
  },
  "eta_c": 0.15,
  "chi_peak_free": 16.997294834850823,
  "chi_peak_ctrl": 0.430999163045865
}